text,label
"Analysis: AMZN earnings

AMZN has been on my watchlist. The R&D spending looks really good. Time to add to position?Just did my DD on AMZN. Here's what I found: Strong revenue growth, solid management, competitive moat. Rating: BUY.",analysis
"Anyone watching SOFI?

I've been watching SOFI for months. just loaded up on. But I'm concerned about the debt levels.",reaction
"GOOGL - Buy or Sell?

Just did my DD on GOOGL. Here's what I found: Strong revenue growth, solid management, competitive moat. Rating: BUY.Lost 30% on GOOGL this year. Might be time to cut losses.",analysis
"My 5-year plan portfolio allocation

COIN is accumulating. Currently holding 100 shares. Average cost basis $85. Expecting 20% upside.",analysis
"Analysis: F earnings

F is the next Tesla. Mark my words.",hot_take
"My take on AMZN

Not financial advice but I think AMZN is accumulating. Institutional ownership is increasing.",analysis
"DD on RIOT

Hot take: RIOT will outperform the market this year. The market expansion is a game changer.",hot_take
"META - Buy or Sell?

Not financial advice but I think META is avoiding. The sector is turning around.",hot_take
"Anyone watching NVDA?

Just sold NVDA at $120. Profit taking, might re-enter on dips.Hedge funds loading up on NVDA. Follow the smart money.Just sold NVDA at $120. Profit taking, might re-enter on dips.",reaction
"Anyone watching AMD?

Not financial advice but I think AMD is bullish on. The sector is turning around.YOLO'd $10k into AMD calls. Hope this pays off lolI've been watching AMD for months. just loaded up on. But I'm concerned about the market conditions.",reaction
"PLTR just announced earnings - discussion thread

Just sold PLTR at $120. Profit taking, might re-enter on dips.Lost 30% on PLTR this year. Might be time to cut losses.",reaction
"My 5-year plan portfolio allocation

Not financial advice but I think AMD is bad news coming. Institutional ownership is increasing.",analysis
"AAPL - Buy or Sell?

Hedge funds loading up on AAPL. Follow the smart money.AAPL dip buying opportunity. This is exactly when winners are made.",reaction
"Portfolio addition: AMZN

AMZN has been on my watchlist. The P/E ratio looks really good. Time to add to position?",analysis
"My take on MSFT

Anyone else concerned about MSFT's debt levels? Might be a trap.",hot_take
"Newbie question: Which ETFs should I focus on?

YOLO'd $10k into SPY calls. Hope this pays off lolHedge funds loading up on SPY. Follow the smart money.",reaction
"My take on META

META earnings report: Revenue up 15%, margins compressed. Still bullish long-term.Not financial advice but I think META is great entry point. The sector is turning around.",analysis
"Dividend stocks worth it?

I've been watching NIO for months. strong buy signal. But I'm concerned about the regulatory risks.Just did my DD on NIO. Here's what I found: Strong revenue growth, solid management, competitive moat. Rating: BUY.",analysis
"QQQ - Buy or Sell?

Not financial advice but I think QQQ is long-term hold. The sector is turning around.Lost 30% on QQQ this year. Might be time to cut losses.Just sold QQQ at $120. Profit taking, might re-enter on dips.",hot_take
"Portfolio addition: TSLA

TSLA has been on my watchlist. The revenue growth looks really good. Time to add to position?TSLA dip buying opportunity. This is exactly when winners are made.I've been watching TSLA for months. this is the dip. But I'm concerned about the market conditions.",analysis
"SOFI - Buy or Sell?

I've been watching SOFI for months. watch out for. But I'm concerned about the supply chain issues.",reaction
"META - Buy or Sell?

META earnings report: Revenue up 15%, margins compressed. Still bullish long-term.",analysis
"Portfolio addition: TSLA

YOLO'd $10k into TSLA calls. Hope this pays off lolLost 30% on TSLA this year. Might be time to cut losses.",reaction
"Analysis: GOOGL earnings

Hedge funds loading up on GOOGL. Follow the smart money.",analysis
"SOFI - Buy or Sell?

ESG concerns aside, SOFI is a solid performer. Holding forever.",hot_take
"Discussion: NVDA today

Hedge funds loading up on NVDA. Follow the smart money.",analysis
"Discussion: F today

Anyone else concerned about F's debt levels? Might be a trap.",hot_take
"What are your top 3 holdings?

YOLO'd $10k into META calls. Hope this pays off lolJust did my DD on META. Here's what I found: Strong revenue growth, solid management, competitive moat. Rating: BUY.",analysis
"Portfolio addition: NIO

NIO is bullish on. Currently holding 100 shares. Average cost basis $85. Expecting 20% upside.",hot_take
"Portfolio addition: LCID

Hedge funds loading up on LCID. Follow the smart money.I've been watching LCID for months. this is the dip. But I'm concerned about the valuation.Lost 30% on LCID this year. Might be time to cut losses.",analysis
"My take on AMD

Anyone else concerned about AMD's debt levels? Might be a trap.",hot_take
"Discussion: AAPL today

AAPL earnings report: Revenue up 15%, margins compressed. Still bullish long-term.Hot take: AAPL will outperform the market this year. The merger is a game changer.AAPL dip buying opportunity. This is exactly when winners are made.",analysis
"Analysis: GOOGL earnings

GOOGL dip buying opportunity. This is exactly when winners are made.",reaction
"AMZN just announced earnings - discussion thread

I've been watching AMZN for months. thinking about buying. But I'm concerned about the competition.",analysis
"Analysis: PLTR earnings

Lost 30% on PLTR this year. Might be time to cut losses.PLTR is the next Tesla. Mark my words.Just sold PLTR at $120. Profit taking, might re-enter on dips.",hot_take
"Anyone watching GOOGL?

GOOGL is the next Tesla. Mark my words.GOOGL is the next Tesla. Mark my words.Lost 30% on GOOGL this year. Might be time to cut losses.",hot_take
"Analysis: GM earnings

I've been watching GM for months. thinking about buying. But I'm concerned about the market conditions.Just did my DD on GM. Here's what I found: Strong revenue growth, solid management, competitive moat. Rating: BUY.GM is thinking about buying. Currently holding 100 shares. Average cost basis $85. Expecting 20% upside.",analysis
"My take on MSTR

MSTR is thinking about buying. Currently holding 100 shares. Average cost basis $85. Expecting 20% upside.MSTR is the next Tesla. Mark my words.Just sold MSTR at $120. Profit taking, might re-enter on dips.",hot_take
"My 5-year plan portfolio allocation

Just did my DD on META. Here's what I found: Strong revenue growth, solid management, competitive moat. Rating: BUY.",analysis
"Anyone watching AMZN?

Hot take: AMZN will outperform the market this year. The market expansion is a game changer.",hot_take
"Discussion: AMD today

Just sold AMD at $120. Profit taking, might re-enter on dips.Just sold AMD at $120. Profit taking, might re-enter on dips.Hot take: AMD will outperform the market this year. The merger is a game changer.",reaction
"Technical analysis shows HOOD heading to $150

Lost 30% on HOOD this year. Might be time to cut losses.HOOD dip buying opportunity. This is exactly when winners are made.HOOD is strong buy signal. Currently holding 100 shares. Average cost basis $85. Expecting 20% upside.",analysis
"Is AAPL worth buying at this price?

YOLO'd $10k into AAPL calls. Hope this pays off lol",reaction
"Portfolio update: +$5k this week!

Anyone else concerned about GM's debt levels? Might be a trap.ESG concerns aside, GM is a solid performer. Holding forever.Anyone else concerned about GM's debt levels? Might be a trap.",hot_take
"Anyone watching COIN?

COIN is the next Tesla. Mark my words.",hot_take
"Stock market crash incoming? Here's what I'm doing

YOLO'd $10k into F calls. Hope this pays off lol",reaction
"My take on F

Hedge funds loading up on F. Follow the smart money.",analysis
"Discussion: QQQ today

Lost 30% on QQQ this year. Might be time to cut losses.QQQ is thinking about buying. Currently holding 100 shares. Average cost basis $85. Expecting 20% upside.Just did my DD on QQQ. Here's what I found: Strong revenue growth, solid management, competitive moat. Rating: BUY.",analysis
"Discussion: COIN today

YOLO'd $10k into COIN calls. Hope this pays off lolLost 30% on COIN this year. Might be time to cut losses.",reaction
"Weekly discussion: What are you buying this week?

YOLO'd $10k into LCID calls. Hope this pays off lol",reaction
"Portfolio update: +$5k this week!

NVDA earnings report: Revenue up 15%, margins compressed. Still bullish long-term.NVDA dip buying opportunity. This is exactly when winners are made.",analysis
"My take on NVDA

Just did my DD on NVDA. Here's what I found: Strong revenue growth, solid management, competitive moat. Rating: BUY.",analysis
"Weekly discussion: What are you buying this week?

Just did my DD on TSLA. Here's what I found: Strong revenue growth, solid management, competitive moat. Rating: BUY.Just sold TSLA at $120. Profit taking, might re-enter on dips.Anyone else concerned about TSLA's debt levels? Might be a trap.",analysis
"Anyone watching QQQ?

Hedge funds loading up on QQQ. Follow the smart money.",analysis
"Analysis: PLTR earnings

Not financial advice but I think PLTR is red flag. Management is shareholder-friendly.",hot_take
"Why AMD is a steal right now

YOLO'd $10k into AMD calls. Hope this pays off lolJust sold AMD at $120. Profit taking, might re-enter on dips.Just sold AMD at $120. Profit taking, might re-enter on dips.",reaction
"AMZN - Buy or Sell?

Just sold AMZN at $120. Profit taking, might re-enter on dips.Anyone else concerned about AMZN's debt levels? Might be a trap.Just did my DD on AMZN. Here's what I found: Strong revenue growth, solid management, competitive moat. Rating: BUY.",analysis
"Anyone watching QQQ?

YOLO'd $10k into QQQ calls. Hope this pays off lol",reaction
"Portfolio addition: MSTR

YOLO'd $10k into MSTR calls. Hope this pays off lol",reaction
"Discussion: NIO today

Lost 30% on NIO this year. Might be time to cut losses.",reaction
"Discussion: NVDA today

NVDA has been on my watchlist. The cash flow looks really good. Time to add to position?",analysis
"Discussion: AAPL today

AAPL is the next Tesla. Mark my words.",hot_take
"Stock market crash incoming? Here's what I'm doing

HOOD is the next Tesla. Mark my words.",hot_take
"Anyone watching HOOD?

HOOD is the next Tesla. Mark my words.",hot_take
"My take on AAPL

Anyone else concerned about AAPL's debt levels? Might be a trap.AAPL has been on my watchlist. The P/E ratio looks really good. Time to add to position?YOLO'd $10k into AAPL calls. Hope this pays off lol",hot_take
"Portfolio addition: GOOGL

ESG concerns aside, GOOGL is a solid performer. Holding forever.",hot_take
"Anyone watching NIO?

YOLO'd $10k into NIO calls. Hope this pays off lol",reaction
"HOOD - Buy or Sell?

HOOD earnings report: Revenue up 15%, margins compressed. Still bullish long-term.HOOD dip buying opportunity. This is exactly when winners are made.HOOD earnings report: Revenue up 15%, margins compressed. Still bullish long-term.",analysis
"Anyone watching TSLA?

Just did my DD on TSLA. Here's what I found: Strong revenue growth, solid management, competitive moat. Rating: BUY.",analysis
"My take on QQQ

Just sold QQQ at $120. Profit taking, might re-enter on dips.QQQ has been on my watchlist. The margins looks really good. Time to add to position?Just sold QQQ at $120. Profit taking, might re-enter on dips.",reaction
"Stock market crash incoming? Here's what I'm doing

Lost 30% on TSLA this year. Might be time to cut losses.TSLA is the next Tesla. Mark my words.Hedge funds loading up on TSLA. Follow the smart money.",hot_take
"Dividend stocks worth it?

Hedge funds loading up on AAPL. Follow the smart money.",analysis
"Portfolio addition: COIN

COIN earnings report: Revenue up 15%, margins compressed. Still bullish long-term.",analysis
"My take on AMD

I've been watching AMD for months. thinking about buying. But I'm concerned about the supply chain issues.AMD has been on my watchlist. The margins looks really good. Time to add to position?",analysis
"My 5-year plan portfolio allocation

ESG concerns aside, GM is a solid performer. Holding forever.GM dip buying opportunity. This is exactly when winners are made.Not financial advice but I think GM is strong buy signal. The sector is turning around.",hot_take
"SPY - Buy or Sell?

ESG concerns aside, SPY is a solid performer. Holding forever.Just did my DD on SPY. Here's what I found: Strong revenue growth, solid management, competitive moat. Rating: BUY.",analysis
"Anyone watching HOOD?

Anyone else concerned about HOOD's debt levels? Might be a trap.",hot_take
"My 5-year plan portfolio allocation

Just did my DD on NIO. Here's what I found: Strong revenue growth, solid management, competitive moat. Rating: BUY.",analysis
"My take on F

F is just loaded up on. Currently holding 100 shares. Average cost basis $85. Expecting 20% upside.",reaction
"COIN - Buy or Sell?

ESG concerns aside, COIN is a solid performer. Holding forever.Hedge funds loading up on COIN. Follow the smart money.COIN is the next Tesla. Mark my words.",hot_take
"My take on GOOGL

GOOGL is the next Tesla. Mark my words.GOOGL is undervalued at these levels. Currently holding 100 shares. Average cost basis $85. Expecting 20% upside.I've been watching GOOGL for months. undervalued at these levels. But I'm concerned about the valuation.",hot_take
"Anyone watching QQQ?

Hedge funds loading up on QQQ. Follow the smart money.",analysis
"Discussion: AMD today

YOLO'd $10k into AMD calls. Hope this pays off lolNot financial advice but I think AMD is bullish on. Institutional ownership is increasing.",hot_take
"Anyone else holding TSLA?

YOLO'd $10k into TSLA calls. Hope this pays off lol",reaction
"RIOT just announced earnings - discussion thread

Anyone else concerned about RIOT's debt levels? Might be a trap.",hot_take
"AI stocks - which ones are actually worth it?

ESG concerns aside, SPY is a solid performer. Holding forever.",hot_take
"Discussion: MSTR today

Lost 30% on MSTR this year. Might be time to cut losses.",reaction
"Portfolio addition: QQQ

QQQ has been on my watchlist. The revenue growth looks really good. Time to add to position?",analysis
"Portfolio addition: PLTR

PLTR dip buying opportunity. This is exactly when winners are made.PLTR has been on my watchlist. The revenue growth looks really good. Time to add to position?",analysis
"Anyone watching TSLA?

TSLA is great entry point. Currently holding 100 shares. Average cost basis $85. Expecting 20% upside.Anyone else concerned about TSLA's debt levels? Might be a trap.Anyone else concerned about TSLA's debt levels? Might be a trap.",hot_take
"Discussion: SPY today

Anyone else concerned about SPY's debt levels? Might be a trap.Hedge funds loading up on SPY. Follow the smart money.SPY dip buying opportunity. This is exactly when winners are made.",hot_take
"Analysis: TSLA earnings

I've been watching TSLA for months. long-term hold. But I'm concerned about the market conditions.YOLO'd $10k into TSLA calls. Hope this pays off lol",reaction
"My take on GM

GM earnings report: Revenue up 15%, margins compressed. Still bullish long-term.GM is this is the dip. Currently holding 100 shares. Average cost basis $85. Expecting 20% upside.Lost 30% on GM this year. Might be time to cut losses.",analysis
"Options strategy for AMZN

AMZN is the next Tesla. Mark my words.",hot_take
"Discussion: TSLA today

TSLA is the next Tesla. Mark my words.Not financial advice but I think TSLA is long-term hold. Institutional ownership is increasing.",hot_take
"Is COIN worth buying at this price?

Hot take: COIN will outperform the market this year. The merger is a game changer.",hot_take
"Discussion: SPY today

Just did my DD on SPY. Here's what I found: Strong revenue growth, solid management, competitive moat. Rating: BUY.Anyone else concerned about SPY's debt levels? Might be a trap.SPY dip buying opportunity. This is exactly when winners are made.",analysis
"My take on LCID

LCID is the next Tesla. Mark my words.LCID is this is the dip. Currently holding 100 shares. Average cost basis $85. Expecting 20% upside.",hot_take
"Portfolio addition: LCID

LCID has been on my watchlist. The R&D spending looks really good. Time to add to position?",analysis
"Is MSFT worth buying at this price?

Hot take: MSFT will outperform the market this year. The AI integration is a game changer.ESG concerns aside, MSFT is a solid performer. Holding forever.YOLO'd $10k into MSFT calls. Hope this pays off lol",reaction
"Portfolio addition: PLTR

PLTR earnings report: Revenue up 15%, margins compressed. Still bullish long-term.YOLO'd $10k into PLTR calls. Hope this pays off lolPLTR dip buying opportunity. This is exactly when winners are made.",analysis
"TSLA - Buy or Sell?

Lost 30% on TSLA this year. Might be time to cut losses.",reaction
"Discussion: PLTR today

I've been watching PLTR for months. just loaded up on. But I'm concerned about the valuation.",reaction
"My take on F

Anyone else concerned about F's debt levels? Might be a trap.",hot_take
"Stock market crash incoming? Here's what I'm doing

Just sold RIOT at $120. Profit taking, might re-enter on dips.",reaction
"Dividend stocks worth it?

Not financial advice but I think NIO is accumulating. The company has a strong moat and pricing power.",analysis
"Anyone else holding MSTR?

Hot take: MSTR will outperform the market this year. The merger is a game changer.YOLO'd $10k into MSTR calls. Hope this pays off lol",reaction
"Is AMZN worth buying at this price?

Not financial advice but I think AMZN is great entry point. Analyst consensus is raising targets.ESG concerns aside, AMZN is a solid performer. Holding forever.",hot_take
"Analysis: MSTR earnings

YOLO'd $10k into MSTR calls. Hope this pays off lolLost 30% on MSTR this year. Might be time to cut losses.",analysis
"Discussion: QQQ today

Hot take: QQQ will outperform the market this year. The merger is a game changer.Anyone else concerned about QQQ's debt levels? Might be a trap.QQQ earnings report: Revenue up 15%, margins compressed. Still bullish long-term.",analysis
"Dividend stocks worth it?

GM earnings report: Revenue up 15%, margins compressed. Still bullish long-term.",analysis
"Analysis: TSLA earnings

Just did my DD on TSLA. Here's what I found: Strong revenue growth, solid management, competitive moat. Rating: BUY.TSLA earnings report: Revenue up 15%, margins compressed. Still bullish long-term.",analysis
"COIN - Buy or Sell?

COIN has been on my watchlist. The P/E ratio looks really good. Time to add to position?COIN has been on my watchlist. The cash flow looks really good. Time to add to position?",analysis
"Analysis: META earnings

Not financial advice but I think META is accumulating. Analyst consensus is raising targets.",analysis
"DD on RIOT

ESG concerns aside, RIOT is a solid performer. Holding forever.",analysis
"My take on GOOGL

ESG concerns aside, GOOGL is a solid performer. Holding forever.",hot_take
"My take on RIOT

Not financial advice but I think RIOT is bullish on. The sector is turning around.Not financial advice but I think RIOT is long-term hold. The sector is turning around.",hot_take
"Morning check-in: How's your portfolio today?

Not financial advice but I think META is this is the dip. The company has a strong moat and pricing power.Hot take: META will outperform the market this year. The new product launch is a game changer.",hot_take
"Analysis: MSFT earnings

ESG concerns aside, MSFT is a solid performer. Holding forever.",hot_take
"Analysis: HOOD earnings

Just did my DD on HOOD. Here's what I found: Strong revenue growth, solid management, competitive moat. Rating: BUY.HOOD is the next Tesla. Mark my words.",analysis
"My take on RIOT

I've been watching RIOT for months. bullish on. But I'm concerned about the competition.",hot_take
"GOOGL - Buy or Sell?

GOOGL dip buying opportunity. This is exactly when winners are made.Anyone else concerned about GOOGL's debt levels? Might be a trap.",hot_take
"TSLA - Buy or Sell?

Anyone else concerned about TSLA's debt levels? Might be a trap.",hot_take
"My take on AMZN

Not financial advice but I think AMZN is accumulating. The company has a strong moat and pricing power.Hedge funds loading up on AMZN. Follow the smart money.",analysis
"HOOD - Buy or Sell?

Lost 30% on HOOD this year. Might be time to cut losses.",reaction
"Options strategy for COIN

COIN is great entry point. Currently holding 100 shares. Average cost basis $85. Expecting 20% upside.",analysis
"Thoughts on META?

Hedge funds loading up on META. Follow the smart money.META earnings report: Revenue up 15%, margins compressed. Still bullish long-term.",analysis
"Analysis: META earnings

Anyone else concerned about META's debt levels? Might be a trap.META is just loaded up on. Currently holding 100 shares. Average cost basis $85. Expecting 20% upside.META earnings report: Revenue up 15%, margins compressed. Still bullish long-term.",analysis
"My take on AAPL

Not financial advice but I think AAPL is solid fundamentals. Management is shareholder-friendly.AAPL is accumulating. Currently holding 100 shares. Average cost basis $85. Expecting 20% upside.AAPL is accumulating. Currently holding 100 shares. Average cost basis $85. Expecting 20% upside.",analysis
"Anyone watching RIOT?

ESG concerns aside, RIOT is a solid performer. Holding forever.ESG concerns aside, RIOT is a solid performer. Holding forever.",hot_take
"Anyone else holding META?

Not financial advice but I think META is bullish on. The sector is turning around.",hot_take
"My take on AMD

AMD is the next Tesla. Mark my words.",hot_take
"My take on AMZN

AMZN dip buying opportunity. This is exactly when winners are made.",reaction
"My take on MSTR

Hot take: MSTR will outperform the market this year. The market expansion is a game changer.",hot_take
"Analysis: MSTR earnings

Lost 30% on MSTR this year. Might be time to cut losses.",analysis
"Morning check-in: How's your portfolio today?

META is solid fundamentals. Currently holding 100 shares. Average cost basis $85. Expecting 20% upside.",analysis
"Discussion: AAPL today

AAPL dip buying opportunity. This is exactly when winners are made.",reaction
"SPY - Buy or Sell?

I've been watching SPY for months. undervalued at these levels. But I'm concerned about the regulatory risks.ESG concerns aside, SPY is a solid performer. Holding forever.Just sold SPY at $120. Profit taking, might re-enter on dips.",reaction
"My take on LCID

ESG concerns aside, LCID is a solid performer. Holding forever.",hot_take
"Discussion: AMZN today

YOLO'd $10k into AMZN calls. Hope this pays off lol",reaction
"Portfolio addition: SPY

SPY dip buying opportunity. This is exactly when winners are made.",reaction
"Why COIN is a steal right now

COIN is undervalued at these levels. Currently holding 100 shares. Average cost basis $85. Expecting 20% upside.",hot_take
"Portfolio addition: SOFI

SOFI earnings report: Revenue up 15%, margins compressed. Still bullish long-term.",analysis
"Portfolio update: +$5k this week!

Just sold AMZN at $120. Profit taking, might re-enter on dips.",reaction
"MSFT - Buy or Sell?

YOLO'd $10k into MSFT calls. Hope this pays off lol",reaction
"Discussion: RIOT today

I've been watching RIOT for months. dumping my position in. But I'm concerned about the competition.",analysis
"Portfolio addition: AAPL

ESG concerns aside, AAPL is a solid performer. Holding forever.Just sold AAPL at $120. Profit taking, might re-enter on dips.",reaction
"Discussion: NIO today

NIO is the next Tesla. Mark my words.",hot_take
"Dividend stocks worth it?

Not financial advice but I think AAPL is overvalued. The company has a strong moat and pricing power.",hot_take
"Discussion: AMD today

Lost 30% on AMD this year. Might be time to cut losses.",reaction
"Analysis: NIO earnings

NIO has been on my watchlist. The revenue growth looks really good. Time to add to position?",analysis
"Discussion: GM today

Hot take: GM will outperform the market this year. The market expansion is a game changer.",hot_take
"HOOD - Buy or Sell?

HOOD earnings report: Revenue up 15%, margins compressed. Still bullish long-term.Just sold HOOD at $120. Profit taking, might re-enter on dips.Anyone else concerned about HOOD's debt levels? Might be a trap.",analysis
"Analysis: HOOD earnings

YOLO'd $10k into HOOD calls. Hope this pays off lol",reaction
"What are your top 3 holdings?

Anyone else concerned about PLTR's debt levels? Might be a trap.Not financial advice but I think PLTR is long-term hold. The company has a strong moat and pricing power.Lost 30% on PLTR this year. Might be time to cut losses.",analysis
"Best stocks for 2024?

TSLA is long-term hold. Currently holding 100 shares. Average cost basis $85. Expecting 20% upside.",analysis
"What are your top 3 holdings?

Anyone else concerned about TSLA's debt levels? Might be a trap.TSLA is strong buy signal. Currently holding 100 shares. Average cost basis $85. Expecting 20% upside.Just did my DD on TSLA. Here's what I found: Strong revenue growth, solid management, competitive moat. Rating: BUY.",analysis
"QQQ - Buy or Sell?

QQQ is accumulating. Currently holding 100 shares. Average cost basis $85. Expecting 20% upside.",analysis
"My 5-year plan portfolio allocation

Not financial advice but I think QQQ is accumulating. The company has a strong moat and pricing power.",analysis
"Is MSTR worth buying at this price?

Just sold MSTR at $120. Profit taking, might re-enter on dips.",reaction
"AI stocks - which ones are actually worth it?

ESG concerns aside, MSFT is a solid performer. Holding forever.",hot_take
"Discussion: MSTR today

MSTR is strong buy signal. Currently holding 100 shares. Average cost basis $85. Expecting 20% upside.",analysis
"Why HOOD is a steal right now

Hot take: HOOD will outperform the market this year. The merger is a game changer.",hot_take
"My take on AMD

Just did my DD on AMD. Here's what I found: Strong revenue growth, solid management, competitive moat. Rating: BUY.",analysis
"Portfolio addition: MSTR

Hedge funds loading up on MSTR. Follow the smart money.MSTR is just loaded up on. Currently holding 100 shares. Average cost basis $85. Expecting 20% upside.Anyone else concerned about MSTR's debt levels? Might be a trap.",hot_take
"AI stocks - which ones are actually worth it?

Hot take: AAPL will outperform the market this year. The CEO leadership is a game changer.Hedge funds loading up on AAPL. Follow the smart money.AAPL dip buying opportunity. This is exactly when winners are made.",hot_take
"Discussion: SPY today

ESG concerns aside, SPY is a solid performer. Holding forever.",hot_take
"Discussion: GM today

YOLO'd $10k into GM calls. Hope this pays off lol",reaction
"Discussion: NVDA today

NVDA is the next Tesla. Mark my words.",hot_take
"Is COIN worth buying at this price?

Just did my DD on COIN. Here's what I found: Strong revenue growth, solid management, competitive moat. Rating: BUY.Lost 30% on COIN this year. Might be time to cut losses.I've been watching COIN for months. this is the dip. But I'm concerned about the market conditions.",analysis
"Analysis: SOFI earnings

ESG concerns aside, SOFI is a solid performer. Holding forever.I've been watching SOFI for months. strong buy signal. But I'm concerned about the market conditions.Anyone else concerned about SOFI's debt levels? Might be a trap.",hot_take
"My 5-year plan portfolio allocation

META dip buying opportunity. This is exactly when winners are made.ESG concerns aside, META is a solid performer. Holding forever.META dip buying opportunity. This is exactly when winners are made.",hot_take
"My take on AMD

Hot take: AMD will outperform the market this year. The merger is a game changer.",hot_take
"Portfolio addition: AAPL

Just did my DD on AAPL. Here's what I found: Strong revenue growth, solid management, competitive moat. Rating: BUY.",analysis
"Analysis: AMZN earnings

ESG concerns aside, AMZN is a solid performer. Holding forever.",hot_take
"My 5-year plan portfolio allocation

Hot take: COIN will outperform the market this year. The merger is a game changer.Lost 30% on COIN this year. Might be time to cut losses.",hot_take
"Analysis: AAPL earnings

AAPL has been on my watchlist. The R&D spending looks really good. Time to add to position?Just did my DD on AAPL. Here's what I found: Strong revenue growth, solid management, competitive moat. Rating: BUY.",analysis
"Anyone watching GOOGL?

GOOGL earnings report: Revenue up 15%, margins compressed. Still bullish long-term.",analysis
"Portfolio addition: HOOD

HOOD is strong buy signal. Currently holding 100 shares. Average cost basis $85. Expecting 20% upside.HOOD earnings report: Revenue up 15%, margins compressed. Still bullish long-term.Not financial advice but I think HOOD is thinking about buying. The company has a strong moat and pricing power.",analysis
"Discussion: SPY today

Hedge funds loading up on SPY. Follow the smart money.",analysis
"Technical analysis shows AMZN heading to $150

Hot take: AMZN will outperform the market this year. The merger is a game changer.",hot_take
"Anyone watching SPY?

SPY is the next Tesla. Mark my words.",hot_take
"Thoughts on NIO?

I've been watching NIO for months. undervalued at these levels. But I'm concerned about the competition.",hot_take
"NVDA - Buy or Sell?

Just sold NVDA at $120. Profit taking, might re-enter on dips.",reaction
"Morning check-in: How's your portfolio today?

NIO has been on my watchlist. The R&D spending looks really good. Time to add to position?",analysis
"My take on AAPL

Not financial advice but I think AAPL is undervalued at these levels. The sector is turning around.Just did my DD on AAPL. Here's what I found: Strong revenue growth, solid management, competitive moat. Rating: BUY.",analysis
"Discussion: HOOD today

Lost 30% on HOOD this year. Might be time to cut losses.",reaction
"Newbie question: Which ETFs should I focus on?

Hot take: COIN will outperform the market this year. The AI integration is a game changer.",hot_take
"Analysis: META earnings

YOLO'd $10k into META calls. Hope this pays off lol",reaction
"SPY - Buy or Sell?

SPY is long-term hold. Currently holding 100 shares. Average cost basis $85. Expecting 20% upside.",analysis
"Anyone watching GOOGL?

GOOGL has been on my watchlist. The market share looks really good. Time to add to position?GOOGL is the next Tesla. Mark my words.",hot_take
"Portfolio addition: SOFI

SOFI has been on my watchlist. The market share looks really good. Time to add to position?",analysis
"Analysis: GM earnings

GM has been on my watchlist. The cash flow looks really good. Time to add to position?",analysis
"QQQ - Buy or Sell?

Just did my DD on QQQ. Here's what I found: Strong revenue growth, solid management, competitive moat. Rating: BUY.",analysis
"My take on MSFT

MSFT is the next Tesla. Mark my words.Anyone else concerned about MSFT's debt levels? Might be a trap.",hot_take
"Portfolio addition: HOOD

HOOD dip buying opportunity. This is exactly when winners are made.",reaction
"Discussion: AMZN today

Not financial advice but I think AMZN is solid fundamentals. The sector is turning around.",hot_take
"Dividend stocks worth it?

NVDA has been on my watchlist. The P/E ratio looks really good. Time to add to position?NVDA earnings report: Revenue up 15%, margins compressed. Still bullish long-term.Just did my DD on NVDA. Here's what I found: Strong revenue growth, solid management, competitive moat. Rating: BUY.",analysis
"RIOT - Buy or Sell?

YOLO'd $10k into RIOT calls. Hope this pays off lol",reaction
"Portfolio addition: LCID

Just sold LCID at $120. Profit taking, might re-enter on dips.LCID is the next Tesla. Mark my words.",reaction
"Market correction opportunity?

HOOD earnings report: Revenue up 15%, margins compressed. Still bullish long-term.HOOD has been on my watchlist. The R&D spending looks really good. Time to add to position?",analysis
"My take on AMD

AMD earnings report: Revenue up 15%, margins compressed. Still bullish long-term.",analysis
"My take on GM

GM has been on my watchlist. The revenue growth looks really good. Time to add to position?I've been watching GM for months. this is the dip. But I'm concerned about the market conditions.Hot take: GM will outperform the market this year. The new product launch is a game changer.",hot_take
"TSLA - Buy or Sell?

TSLA dip buying opportunity. This is exactly when winners are made.ESG concerns aside, TSLA is a solid performer. Holding forever.Lost 30% on TSLA this year. Might be time to cut losses.",hot_take
"Anyone watching RIOT?

Anyone else concerned about RIOT's debt levels? Might be a trap.",hot_take
"Portfolio addition: AMZN

YOLO'd $10k into AMZN calls. Hope this pays off lol",reaction
"My take on PLTR

Just sold PLTR at $120. Profit taking, might re-enter on dips.PLTR is the next Tesla. Mark my words.",reaction
"Discussion: LCID today

LCID earnings report: Revenue up 15%, margins compressed. Still bullish long-term.LCID is the next Tesla. Mark my words.",analysis
"Discussion: QQQ today

Not financial advice but I think QQQ is dumping my position in. Management is shareholder-friendly.",analysis
"Portfolio update: +$5k this week!

Just did my DD on HOOD. Here's what I found: Strong revenue growth, solid management, competitive moat. Rating: BUY.Just sold HOOD at $120. Profit taking, might re-enter on dips.Hot take: HOOD will outperform the market this year. The AI integration is a game changer.",analysis
"My take on COIN

I've been watching COIN for months. solid fundamentals. But I'm concerned about the regulatory risks.",analysis
"My 5-year plan portfolio allocation

Anyone else concerned about GM's debt levels? Might be a trap.GM is strong buy signal. Currently holding 100 shares. Average cost basis $85. Expecting 20% upside.Not financial advice but I think GM is bullish on. Institutional ownership is increasing.",hot_take
"SOFI - Buy or Sell?

YOLO'd $10k into SOFI calls. Hope this pays off lol",reaction
"Discussion: SOFI today

SOFI dip buying opportunity. This is exactly when winners are made.Not financial advice but I think SOFI is long-term hold. Institutional ownership is increasing.SOFI is this is the dip. Currently holding 100 shares. Average cost basis $85. Expecting 20% upside.",analysis
"Discussion: RIOT today

YOLO'd $10k into RIOT calls. Hope this pays off lolJust did my DD on RIOT. Here's what I found: Strong revenue growth, solid management, competitive moat. Rating: BUY.",analysis
"Analysis: RIOT earnings

Lost 30% on RIOT this year. Might be time to cut losses.",analysis
"Why GOOGL is a steal right now

Lost 30% on GOOGL this year. Might be time to cut losses.",reaction
"Anyone watching NVDA?

Lost 30% on NVDA this year. Might be time to cut losses.",reaction
"Dividend stocks worth it?

Not financial advice but I think NVDA is long-term hold. Institutional ownership is increasing.Anyone else concerned about NVDA's debt levels? Might be a trap.",hot_take
"Discussion: QQQ today

Hedge funds loading up on QQQ. Follow the smart money.",analysis
"My take on COIN

COIN has been on my watchlist. The P/E ratio looks really good. Time to add to position?",analysis
"Portfolio addition: AMZN

Anyone else concerned about AMZN's debt levels? Might be a trap.AMZN has been on my watchlist. The R&D spending looks really good. Time to add to position?",hot_take
"RIOT - Buy or Sell?

Not financial advice but I think RIOT is undervalued at these levels. Institutional ownership is increasing.",hot_take
"Analysis: LCID earnings

Hot take: LCID will outperform the market this year. The merger is a game changer.Just did my DD on LCID. Here's what I found: Strong revenue growth, solid management, competitive moat. Rating: BUY.",analysis
"Analysis: MSFT earnings

Hot take: MSFT will outperform the market this year. The AI integration is a game changer.",hot_take
"PLTR - Buy or Sell?

Just did my DD on PLTR. Here's what I found: Strong revenue growth, solid management, competitive moat. Rating: BUY.",analysis
"Discussion: NVDA today

Just did my DD on NVDA. Here's what I found: Strong revenue growth, solid management, competitive moat. Rating: BUY.",analysis
"Portfolio addition: GM

Anyone else concerned about GM's debt levels? Might be a trap.GM is the next Tesla. Mark my words.I've been watching GM for months. accumulating. But I'm concerned about the competition.",hot_take
"MSTR - Buy or Sell?

YOLO'd $10k into MSTR calls. Hope this pays off lol",reaction
"RIOT just announced earnings - discussion thread

RIOT earnings report: Revenue up 15%, margins compressed. Still bullish long-term.",analysis
"Portfolio addition: SOFI

YOLO'd $10k into SOFI calls. Hope this pays off lol",reaction
"TSLA - Buy or Sell?

TSLA has been on my watchlist. The P/E ratio looks really good. Time to add to position?",analysis
"Anyone watching F?

Anyone else concerned about F's debt levels? Might be a trap.Lost 30% on F this year. Might be time to cut losses.Hedge funds loading up on F. Follow the smart money.",hot_take
"Analysis: GM earnings

Just sold GM at $120. Profit taking, might re-enter on dips.",reaction
"Portfolio update: +$5k this week!

LCID dip buying opportunity. This is exactly when winners are made.Lost 30% on LCID this year. Might be time to cut losses.Not financial advice but I think LCID is undervalued at these levels. The sector is turning around.",hot_take
"Portfolio addition: GOOGL

GOOGL is bullish on. Currently holding 100 shares. Average cost basis $85. Expecting 20% upside.",hot_take
"My take on AAPL

Hedge funds loading up on AAPL. Follow the smart money.",analysis
"Newbie question: Which ETFs should I focus on?

Not financial advice but I think COIN is strong buy signal. Analyst consensus is raising targets.Hedge funds loading up on COIN. Follow the smart money.",analysis
"NVDA - Buy or Sell?

Hedge funds loading up on NVDA. Follow the smart money.",analysis
"Why QQQ is a steal right now

Hot take: QQQ will outperform the market this year. The new product launch is a game changer.QQQ has been on my watchlist. The R&D spending looks really good. Time to add to position?",hot_take
"Options strategy for QQQ

QQQ is this is the dip. Currently holding 100 shares. Average cost basis $85. Expecting 20% upside.Just sold QQQ at $120. Profit taking, might re-enter on dips.Not financial advice but I think QQQ is great entry point. The company has a strong moat and pricing power.",analysis
"DD on SOFI

Anyone else concerned about SOFI's debt levels? Might be a trap.",analysis
"Discussion: NIO today

YOLO'd $10k into NIO calls. Hope this pays off lol",reaction
"Analysis: RIOT earnings

RIOT is the next Tesla. Mark my words.Lost 30% on RIOT this year. Might be time to cut losses.Anyone else concerned about RIOT's debt levels? Might be a trap.",hot_take
"My take on AMZN

YOLO'd $10k into AMZN calls. Hope this pays off lol",reaction
"Why HOOD is a steal right now

ESG concerns aside, HOOD is a solid performer. Holding forever.",hot_take
"GM - Buy or Sell?

YOLO'd $10k into GM calls. Hope this pays off lolGM earnings report: Revenue up 15%, margins compressed. Still bullish long-term.",analysis
"Dividend stocks worth it?

AMD is bullish on. Currently holding 100 shares. Average cost basis $85. Expecting 20% upside.AMD has been on my watchlist. The market share looks really good. Time to add to position?",hot_take
"Anyone watching GOOGL?

Not financial advice but I think GOOGL is thinking about buying. Analyst consensus is raising targets.",analysis
"My take on NVDA

YOLO'd $10k into NVDA calls. Hope this pays off lolNVDA has been on my watchlist. The revenue growth looks really good. Time to add to position?Lost 30% on NVDA this year. Might be time to cut losses.",analysis
"Options strategy for LCID

LCID has been on my watchlist. The margins looks really good. Time to add to position?",analysis
"Analysis: COIN earnings

Just sold COIN at $120. Profit taking, might re-enter on dips.COIN dip buying opportunity. This is exactly when winners are made.",reaction
"My take on HOOD

I've been watching HOOD for months. strong buy signal. But I'm concerned about the supply chain issues.",analysis
"Anyone watching HOOD?

YOLO'd $10k into HOOD calls. Hope this pays off lol",reaction
"Anyone watching F?

Anyone else concerned about F's debt levels? Might be a trap.",hot_take
"Technical analysis shows HOOD heading to $150

HOOD is overvalued. Currently holding 100 shares. Average cost basis $85. Expecting 20% upside.",hot_take
"Weekly discussion: What are you buying this week?

Hot take: COIN will outperform the market this year. The market expansion is a game changer.",hot_take
"Anyone watching NVDA?

Not financial advice but I think NVDA is great entry point. The sector is turning around.",hot_take
"Newbie question: Which ETFs should I focus on?

GOOGL dip buying opportunity. This is exactly when winners are made.YOLO'd $10k into GOOGL calls. Hope this pays off lol",reaction
"My take on AAPL

Not financial advice but I think AAPL is solid fundamentals. Analyst consensus is raising targets.",analysis
"Best stocks for 2024?

Lost 30% on HOOD this year. Might be time to cut losses.",reaction
"Analysis: MSFT earnings

MSFT is accumulating. Currently holding 100 shares. Average cost basis $85. Expecting 20% upside.",analysis
"Is AMZN worth buying at this price?

Just did my DD on AMZN. Here's what I found: Strong revenue growth, solid management, competitive moat. Rating: BUY.Hedge funds loading up on AMZN. Follow the smart money.",analysis
"Portfolio update: +$5k this week!

YOLO'd $10k into MSTR calls. Hope this pays off lol",reaction
"Weekly discussion: What are you buying this week?

SOFI dip buying opportunity. This is exactly when winners are made.",reaction
"Analysis: NVDA earnings

NVDA earnings report: Revenue up 15%, margins compressed. Still bullish long-term.",analysis
"Anyone watching MSFT?

Lost 30% on MSFT this year. Might be time to cut losses.MSFT earnings report: Revenue up 15%, margins compressed. Still bullish long-term.YOLO'd $10k into MSFT calls. Hope this pays off lol",analysis
"Is SOFI worth buying at this price?

SOFI is the next Tesla. Mark my words.",hot_take
"Analysis: HOOD earnings

HOOD dip buying opportunity. This is exactly when winners are made.",reaction
"Market correction opportunity?

Just sold MSFT at $120. Profit taking, might re-enter on dips.",reaction
"My take on META

META has been on my watchlist. The market share looks really good. Time to add to position?",analysis
"Analysis: QQQ earnings

QQQ is the next Tesla. Mark my words.YOLO'd $10k into QQQ calls. Hope this pays off lolQQQ has been on my watchlist. The revenue growth looks really good. Time to add to position?",analysis
"Anyone watching MSTR?

Just sold MSTR at $120. Profit taking, might re-enter on dips.Lost 30% on MSTR this year. Might be time to cut losses.",reaction
"My take on LCID

Lost 30% on LCID this year. Might be time to cut losses.Hedge funds loading up on LCID. Follow the smart money.I've been watching LCID for months. great entry point. But I'm concerned about the regulatory risks.",reaction
"GM - Buy or Sell?

I've been watching GM for months. just loaded up on. But I'm concerned about the supply chain issues.",reaction
"MSTR - Buy or Sell?

Not financial advice but I think MSTR is accumulating. Analyst consensus is raising targets.",analysis
"Analysis: RIOT earnings

RIOT is just loaded up on. Currently holding 100 shares. Average cost basis $85. Expecting 20% upside.",analysis
"My take on SPY

SPY is the next Tesla. Mark my words.Anyone else concerned about SPY's debt levels? Might be a trap.",hot_take
"TSLA - Buy or Sell?

YOLO'd $10k into TSLA calls. Hope this pays off lolHot take: TSLA will outperform the market this year. The new product launch is a game changer.TSLA is the next Tesla. Mark my words.",reaction
"Anyone watching SPY?

Just sold SPY at $120. Profit taking, might re-enter on dips.",reaction
"COIN just announced earnings - discussion thread

YOLO'd $10k into COIN calls. Hope this pays off lolJust did my DD on COIN. Here's what I found: Strong revenue growth, solid management, competitive moat. Rating: BUY.",analysis
"Discussion: RIOT today

Just did my DD on RIOT. Here's what I found: Strong revenue growth, solid management, competitive moat. Rating: BUY.",analysis
"Portfolio addition: HOOD

YOLO'd $10k into HOOD calls. Hope this pays off lolAnyone else concerned about HOOD's debt levels? Might be a trap.",reaction
"Anyone watching SOFI?

Just sold SOFI at $120. Profit taking, might re-enter on dips.SOFI has been on my watchlist. The revenue growth looks really good. Time to add to position?",analysis
"Analysis: GM earnings

Not financial advice but I think GM is undervalued at these levels. Institutional ownership is increasing.GM is the next Tesla. Mark my words.Hedge funds loading up on GM. Follow the smart money.",hot_take
"Anyone watching AAPL?

AAPL dip buying opportunity. This is exactly when winners are made.",reaction
"My take on RIOT

Anyone else concerned about RIOT's debt levels? Might be a trap.",hot_take
"Dividend stocks worth it?

RIOT is the next Tesla. Mark my words.",hot_take
"Thoughts on AMD?

Anyone else concerned about AMD's debt levels? Might be a trap.AMD earnings report: Revenue up 15%, margins compressed. Still bullish long-term.",analysis
"Portfolio addition: LCID

Hot take: LCID will outperform the market this year. The merger is a game changer.",hot_take
"Analysis: NIO earnings

Not financial advice but I think NIO is stay away from. The company has a strong moat and pricing power.",analysis
"My take on MSTR

Just sold MSTR at $120. Profit taking, might re-enter on dips.",reaction
"My take on PLTR

Hedge funds loading up on PLTR. Follow the smart money.",analysis
"Analysis: AMD earnings

Just did my DD on AMD. Here's what I found: Strong revenue growth, solid management, competitive moat. Rating: BUY.Hot take: AMD will outperform the market this year. The new product launch is a game changer.",analysis
"Options strategy for MSFT

I've been watching MSFT for months. stay away from. But I'm concerned about the market conditions.",reaction
"Market correction opportunity?

Just did my DD on TSLA. Here's what I found: Strong revenue growth, solid management, competitive moat. Rating: BUY.",analysis
"Anyone watching AMZN?

AMZN earnings report: Revenue up 15%, margins compressed. Still bullish long-term.",analysis
"My take on TSLA

Lost 30% on TSLA this year. Might be time to cut losses.",reaction
"Analysis: LCID earnings

Anyone else concerned about LCID's debt levels? Might be a trap.YOLO'd $10k into LCID calls. Hope this pays off lolLCID is thinking about buying. Currently holding 100 shares. Average cost basis $85. Expecting 20% upside.",hot_take
"Analysis: TSLA earnings

Lost 30% on TSLA this year. Might be time to cut losses.",analysis
"SPY just announced earnings - discussion thread

Just did my DD on SPY. Here's what I found: Strong revenue growth, solid management, competitive moat. Rating: BUY.SPY earnings report: Revenue up 15%, margins compressed. Still bullish long-term.",analysis
"Discussion: NVDA today

Just sold NVDA at $120. Profit taking, might re-enter on dips.",reaction
"GOOGL - Buy or Sell?

Not financial advice but I think GOOGL is bullish on. Analyst consensus is raising targets.",hot_take
"Portfolio update: +$5k this week!

NIO earnings report: Revenue up 15%, margins compressed. Still bullish long-term.",analysis
"What are your top 3 holdings?

Not financial advice but I think SPY is shorting. Management is shareholder-friendly.",analysis
"Why LCID is a steal right now

LCID dip buying opportunity. This is exactly when winners are made.LCID dip buying opportunity. This is exactly when winners are made.LCID is the next Tesla. Mark my words.",hot_take
"Discussion: AAPL today

Not financial advice but I think AAPL is sell signal. The company has a strong moat and pricing power.",analysis
"My take on AMZN

Not financial advice but I think AMZN is bad news coming. Institutional ownership is increasing.",analysis
"Dividend stocks worth it?

MSFT earnings report: Revenue up 15%, margins compressed. Still bullish long-term.",analysis
"Analysis: RIOT earnings

Hot take: RIOT will outperform the market this year. The merger is a game changer.",hot_take
"Stock market crash incoming? Here's what I'm doing

I've been watching SPY for months. long-term hold. But I'm concerned about the valuation.SPY is the next Tesla. Mark my words.",hot_take
"Anyone watching COIN?

Not financial advice but I think COIN is strong buy signal. Analyst consensus is raising targets.COIN earnings report: Revenue up 15%, margins compressed. Still bullish long-term.COIN has been on my watchlist. The market share looks really good. Time to add to position?",analysis
"Portfolio addition: SOFI

Just did my DD on SOFI. Here's what I found: Strong revenue growth, solid management, competitive moat. Rating: BUY.",analysis
"Portfolio addition: TSLA

I've been watching TSLA for months. bullish on. But I'm concerned about the valuation.TSLA dip buying opportunity. This is exactly when winners are made.",hot_take
"Anyone watching QQQ?

QQQ is the next Tesla. Mark my words.",hot_take
"Fed decision today - impact on market?

COIN has been on my watchlist. The cash flow looks really good. Time to add to position?",analysis
